"3/12/2026, 12:32:46 PM", "TEST-ID-913", "TEST", "Engine", 5, "MET"
"3/12/2026, 1:24:08 PM", "TEST-ID-461", "TEST", "Engine", 5, "MET"
"2026-03-12 13:25:46 IST","TEST-SYNC-001","TEST","Engine",0,"SUCCESS"
"2026-03-12 13:36:23 IST","19646710141","IB","Engine",0,"MET"
"2026-03-12 13:36:23 IST","19647478391","PRILO","Engine",0,"MET"
"2026-03-12 13:36:23 IST","19647623651","IB","Engine",0,"MET"
"2026-03-12 13:36:23 IST","19647367761","IB","Engine",0,"MET"
"2026-03-12 13:36:23 IST","19646703401","IB","Engine",0,"MET"
"2026-03-12 13:36:23 IST","19647410621","PRILO","Engine",0,"MET"
"2026-03-12 13:36:23 IST","19646912711","IB","Engine",0,"MET"
"2026-03-12 13:36:23 IST","19647595461","IB","Engine",0,"MET"
"2026-03-12 13:36:23 IST","19647429921","IB","Engine",0,"MET"
"2026-03-12 13:36:23 IST","19646855651","IB","Engine",0,"MET"
"2026-03-12 13:36:23 IST","19646970901","IB","Engine",0,"MET"
"2026-03-12 13:36:23 IST","19646880261","IB","Engine",0,"MET"
"2026-03-12 13:36:23 IST","19647401281","IB","Engine",0,"MET"
"2026-03-12 13:36:23 IST","19647593781","IB","Engine",0,"MET"
"2026-03-12 13:36:23 IST","19647252641","IB","Engine",0,"MET"
"2026-03-12 13:36:23 IST","19646787981","IB","Engine",0,"MET"
"2026-03-12 13:36:23 IST","19647369361","IB","Engine",0,"MET"
"2026-03-12 13:36:23 IST","19646761821","IB","Engine",0,"MET"
"2026-03-12 13:36:23 IST","19647380201","OB","Engine",0,"MET"
"2026-03-12 13:36:23 IST","19646763271","IB","Engine",1,"MET"
"2026-03-12 13:36:23 IST","19647560271","PRILO","Engine",1,"MET"
"2026-03-12 13:36:23 IST","19647425111","IB","Engine",1,"MET"
"2026-03-12 13:36:23 IST","19647386091","IB","Engine",1,"MET"
"2026-03-12 13:36:23 IST","19647386081","IB","Engine",1,"MET"
"2026-03-12 13:36:23 IST","19647370551","IB","Engine",1,"MET"
"2026-03-12 13:36:23 IST","19647369351","IB","Engine",1,"MET"
"2026-03-12 13:36:23 IST","19646741731","IB","Engine",1,"MET"
"2026-03-12 13:36:23 IST","19647417521","IB","Engine",1,"MET"
"2026-03-12 13:36:23 IST","19647306921","IB","Engine",1,"MET"
"2026-03-12 13:36:23 IST","19647410591","PRILO","Engine",1,"MET"
"2026-03-12 13:36:23 IST","19647464191","IB","Engine",1,"MET"
"2026-03-12 13:36:23 IST","19647351381","IB","Engine",1,"MET"
"2026-03-12 13:36:23 IST","19647351371","IB","Engine",1,"MET"
"2026-03-12 13:36:23 IST","19646967491","IB","Engine",1,"MET"
"2026-03-12 13:36:23 IST","19647493581","OB","Engine",1,"MET"
"2026-03-12 13:36:23 IST","19646810331","PRILO","Engine",1,"MET"
"2026-03-12 13:36:23 IST","19647384731","PRILO","Engine",1,"MET"
"2026-03-12 13:36:23 IST","19647343601","IB","Engine",1,"MET"
"2026-03-12 13:36:23 IST","19646810311","IB","Engine",1,"MET"
"2026-03-12 13:36:23 IST","19646855381","IB","Engine",2,"MET"
"2026-03-12 13:36:23 IST","19647250531","IB","Engine",2,"MET"
"2026-03-12 13:36:23 IST","19646755331","IB","Engine",2,"MET"
"2026-03-12 13:36:23 IST","19646807261","IB","Engine",2,"MET"
"2026-03-12 13:36:23 IST","19646899571","IB","Engine",2,"MET"
"2026-03-12 13:36:23 IST","19647335671","IB","Engine",2,"MET"
"2026-03-12 13:36:23 IST","19647463761","IB","Engine",2,"MET"
"2026-03-12 13:36:23 IST","19646713231","IB","Engine",2,"MET"
"2026-03-12 13:36:23 IST","19647477541","IB","Engine",2,"MET"
"2026-03-12 13:36:23 IST","19647265941","IB","Engine",2,"MET"
"2026-03-12 13:36:23 IST","19647326181","IB","Engine",2,"MET"
"2026-03-12 13:36:23 IST","19647414331","PRILO","Engine",2,"MET"
"2026-03-12 13:36:23 IST","19647382901","IB","Engine",2,"MET"
"2026-03-12 13:36:23 IST","19647075441","PRILO","Engine",2,"MET"
"2026-03-12 13:36:23 IST","19647261701","PRILO","Engine",3,"MET"
"2026-03-12 13:36:23 IST","19646972621","IB","Engine",3,"MET"
"2026-03-12 13:36:23 IST","19647261691","IB","Engine",3,"MET"
"2026-03-12 13:36:23 IST","19646992871","IB","Engine",3,"MET"
"2026-03-12 13:36:23 IST","19647306891","IB","Engine",3,"MET"
"2026-03-12 13:36:23 IST","19647380491","IB","Engine",3,"MET"
"2026-03-12 13:36:23 IST","19647246851","IB","Engine",3,"MET"
"2026-03-12 13:36:23 IST","19647514591","IB","Engine",3,"MET"
"2026-03-12 13:36:23 IST","19647509351","IB","Engine",3,"MET"
"2026-03-12 13:36:23 IST","19647318171","IB","Engine",3,"MET"
"2026-03-12 13:36:23 IST","19647488051","PRILO","Engine",3,"MET"
"2026-03-12 13:36:23 IST","19647312261","IB","Engine",3,"MET"
"2026-03-12 13:36:23 IST","19647476601","IB","Engine",3,"MET"
"2026-03-12 13:36:23 IST","19647425721","IB","Engine",3,"MET"
"2026-03-12 13:36:23 IST","19647390191","IB","Engine",3,"MET"
"2026-03-12 13:36:23 IST","19646804251","IB","Engine",3,"MET"
"2026-03-12 13:36:23 IST","19647497051","IB","Engine",3,"MET"
"2026-03-12 13:36:23 IST","19647604381","PRILO","Engine",3,"MET"
"2026-03-12 13:36:23 IST","19647406031","IB","Engine",3,"MET"
"2026-03-12 13:36:23 IST","19647069481","IB","Engine",3,"MET"
"2026-03-12 13:36:23 IST","19647496191","PRILO","Engine",3,"MET"
"2026-03-12 13:36:23 IST","19647357571","PRILO","Engine",3,"MET"
"2026-03-12 13:36:23 IST","19647413461","IB","Engine",3,"MET"
"2026-03-12 13:36:23 IST","19647357561","IB","Engine",3,"MET"
"2026-03-12 13:36:23 IST","19647439461","IB","Engine",4,"MET"
"2026-03-12 13:36:23 IST","19646809381","IB","Engine",4,"MET"
"2026-03-12 13:36:23 IST","19647457541","IB","Engine",4,"MET"
"2026-03-12 13:36:23 IST","19647409491","OB","Engine",4,"MET"
"2026-03-12 13:36:23 IST","19647473821","OB","Engine",4,"MET"
"2026-03-12 13:36:23 IST","19647386931","IB","Engine",4,"MET"
"2026-03-12 13:36:23 IST","19646887191","PRILO","Engine",4,"MET"
"2026-03-12 13:36:23 IST","19647503571","PRILO","Engine",4,"MET"
"2026-03-12 13:36:23 IST","19647409091","IB","Engine",4,"MET"
"2026-03-12 13:36:23 IST","19646882501","OB","Engine",4,"MET"
"2026-03-12 13:36:23 IST","19646901271","IB","Engine",4,"MET"
"2026-03-12 13:36:23 IST","19647471281","IB","Engine",4,"MET"
"2026-03-12 13:36:23 IST","19646991531","IB","Engine",4,"MET"
"2026-03-12 13:36:23 IST","19646991521","IB","Engine",4,"MET"
"2026-03-12 13:36:23 IST","19647602511","IB","Engine",4,"MET"
"2026-03-12 13:36:23 IST","19647357521","IB","Engine",4,"MET"
"2026-03-12 13:36:23 IST","19646771751","IB","Engine",5,"MET"
"2026-03-12 13:36:23 IST","19647315871","IB","Engine",5,"MET"
"2026-03-12 13:36:23 IST","19646644571","IB","Engine",5,"MET"
"2026-03-12 13:36:23 IST","19647598491","IB","Engine",5,"MET"
"2026-03-12 13:36:23 IST","19647400781","IB","Engine",5,"MET"
"2026-03-12 13:36:23 IST","19647393981","IB","Engine",5,"MET"
"2026-03-12 13:36:23 IST","19647385131","IB","Engine",5,"MET"
"2026-03-12 13:38:20 IST","19647344881","IB","Engine",0,"MET"
"2026-03-12 13:38:20 IST","19647450001","IB","Engine",0,"MET"
"2026-03-12 13:38:20 IST","19647370021","IB","Engine",0,"MET"
"2026-03-12 13:38:20 IST","19647271951","PRILO","Engine",0,"MET"
"2026-03-12 13:38:20 IST","19646979151","PRILO","Engine",0,"MET"
"2026-03-12 13:38:20 IST","19646788851","IB","Engine",0,"MET"
"2026-03-12 13:38:20 IST","19647344871","IB","Engine",0,"MET"
"2026-03-12 13:38:20 IST","19647426821","IB","Engine",0,"MET"
"2026-03-12 13:38:20 IST","19647501321","IB","Engine",0,"MET"
"2026-03-12 13:38:20 IST","19647271921","IB","Engine",0,"MET"
"2026-03-12 13:38:20 IST","19647420831","PRILO","Engine",0,"MET"
"2026-03-12 13:38:20 IST","19647535741","IB","Engine",0,"MET"
"2026-03-12 13:38:20 IST","19647540381","IB","Engine",0,"MET"
"2026-03-12 13:38:20 IST","19647595481","IB","Engine",0,"MET"
"2026-03-12 13:38:20 IST","19647271621","IB","Engine",0,"MET"
"2026-03-12 13:38:20 IST","19647271801","PRILO","Engine",0,"MET"
"2026-03-12 13:38:20 IST","19647334881","IB","Engine",1,"MET"
"2026-03-12 13:38:20 IST","19646848131","IB","Engine",1,"MET"
"2026-03-12 13:38:20 IST","19647344821","IB","Engine",1,"MET"
"2026-03-12 13:38:20 IST","19647626991","PRILO","Engine",1,"MET"
"2026-03-12 13:38:20 IST","19647593831","PRILO","Engine",1,"MET"
"2026-03-12 13:38:20 IST","19646718091","PRILO","Engine",1,"MET"
"2026-03-12 13:38:20 IST","19646865761","IB","Engine",1,"MET"
"2026-03-12 13:38:20 IST","19646763361","IB","Engine",1,"MET"
"2026-03-12 13:40:20 IST","19647596511","IB","Engine",0,"MET"
"2026-03-12 13:40:20 IST","19646885491","PRILO","Engine",0,"MET"
"2026-03-12 13:40:20 IST","19647001041","IB","Engine",0,"MET"
"2026-03-12 13:40:20 IST","19647345261","IB","Engine",0,"MET"
"2026-03-12 13:40:20 IST","19647317751","IB","Engine",0,"MET"
"2026-03-12 13:40:20 IST","19647604001","IB","Engine",0,"MET"
"2026-03-12 13:40:20 IST","19647454731","PRILO","Engine",0,"MET"
"2026-03-12 13:40:20 IST","19647544401","IB","Engine",0,"MET"
"2026-03-12 13:40:20 IST","19646944621","OB","Engine",0,"MET"
"2026-03-12 13:40:20 IST","19647281131","OB","Engine",0,"MET"
"2026-03-12 13:40:20 IST","19647389291","IB","Engine",0,"MET"
"2026-03-12 13:40:20 IST","19647547681","OB","Engine",0,"MET"
"2026-03-12 13:40:20 IST","19646703351","IB","Engine",0,"MET"
"2026-03-12 13:40:20 IST","19647346611","IB","Engine",0,"MET"
"2026-03-12 13:40:20 IST","19647466761","IB","Engine",0,"MET"
"2026-03-12 13:40:20 IST","19647500831","IB","Engine",1,"MET"
"2026-03-12 13:40:20 IST","19647373021","PRILO","Engine",1,"MET"
"2026-03-12 13:40:20 IST","19647071571","OB","Engine",1,"MET"
"2026-03-12 13:40:20 IST","19647345231","PRILO","Engine",1,"MET"
"2026-03-12 13:40:20 IST","19647393921","IB","Engine",1,"MET"
"2026-03-12 13:40:20 IST","19647450021","IB","Engine",1,"MET"
"2026-03-12 13:40:20 IST","19646883651","IB","Engine",1,"MET"
"2026-03-12 13:40:20 IST","19647394761","IB","Engine",1,"MET"
"2026-03-12 13:40:20 IST","19647394751","IB","Engine",1,"MET"
"2026-03-12 13:40:20 IST","19647317701","IB","Engine",1,"MET"
"2026-03-12 13:40:20 IST","19646930351","OB","Engine",1,"MET"
"2026-03-12 13:40:20 IST","19647388281","IB","Engine",1,"MET"
"2026-03-12 13:40:20 IST","19647278451","IB","Engine",1,"MET"
"2026-03-12 13:40:20 IST","19646992331","IB","Engine",1,"MET"
"2026-03-12 13:40:20 IST","19647486151","IB","Engine",1,"MET"
"2026-03-12 13:40:20 IST","19647528651","IB","Engine",1,"MET"
"2026-03-12 13:40:20 IST","19647388311","IB","Engine",1,"MET"
"2026-03-12 13:40:20 IST","19646910361","IB","Engine",1,"MET"
"2026-03-12 13:40:20 IST","19647429851","IB","Engine",1,"MET"
"2026-03-12 13:40:20 IST","19647344901","IB","Engine",1,"MET"
"2026-03-12 13:40:20 IST","19647432141","OB","Engine",2,"MET"
"2026-03-12 13:40:20 IST","19647540391","IB","Engine",2,"MET"
"2026-03-12 13:40:20 IST","19647313891","PRILO","Engine",2,"MET"
"2026-03-12 13:40:20 IST","19647342061","PRILO","Engine",2,"MET"
"2026-03-12 13:42:20 IST","19646804691","IB","Engine",0,"MET"
"2026-03-12 13:42:20 IST","19647481521","PRILO","Engine",0,"MET"
"2026-03-12 13:42:20 IST","19646861101","IB","Engine",0,"MET"
"2026-03-12 13:42:20 IST","19647218641","IB","Engine",0,"MET"
"2026-03-12 13:42:20 IST","19646762971","IB","Engine",0,"MET"
"2026-03-12 13:42:20 IST","19647152761","IB","Engine",0,"MET"
"2026-03-12 13:42:20 IST","19646734351","PRILO","Engine",0,"MET"
"2026-03-12 13:42:20 IST","19647016421","IB","Engine",0,"MET"
"2026-03-12 13:42:20 IST","19646809901","OB","Engine",0,"MET"
"2026-03-12 13:42:20 IST","19647400511","IB","Engine",0,"MET"
"2026-03-12 13:42:20 IST","19647347721","IB","Engine",0,"MET"
"2026-03-12 13:42:20 IST","19647014591","IB","Engine",1,"MET"
"2026-03-12 13:42:20 IST","19647442211","IB","Engine",1,"MET"
"2026-03-12 13:42:20 IST","19646737581","IB","Engine",1,"MET"
"2026-03-12 13:42:20 IST","19646727391","IB","Engine",1,"MET"
"2026-03-12 13:42:20 IST","19647434981","IB","Engine",1,"MET"
"2026-03-12 13:42:20 IST","19646967041","IB","Engine",1,"MET"
"2026-03-12 13:42:20 IST","19646733201","IB","Engine",1,"MET"
"2026-03-12 13:42:20 IST","19646731061","IB","Engine",1,"MET"
"2026-03-12 13:42:20 IST","19646933221","IB","Engine",1,"MET"
"2026-03-12 13:42:20 IST","19647282511","IB","Engine",1,"MET"
"2026-03-12 13:42:20 IST","19647537801","IB","Engine",1,"MET"
"2026-03-12 13:42:20 IST","19647640851","IB","Engine",1,"MET"
"2026-03-12 13:42:20 IST","19646856131","IB","Engine",1,"MET"
"2026-03-12 13:42:20 IST","19647345291","IB","Engine",1,"MET"
"2026-03-12 13:42:20 IST","19647452951","IB","Engine",1,"MET"
"2026-03-12 13:42:20 IST","19647406351","IB","Engine",1,"MET"
"2026-03-12 13:42:20 IST","19646732621","IB","Engine",1,"MET"
"2026-03-12 13:42:20 IST","19646746101","IB","Engine",1,"MET"
"2026-03-12 13:42:20 IST","19647452941","OB","Engine",1,"MET"
"2026-03-12 13:42:20 IST","19647406331","PRILO","Engine",1,"MET"
"2026-03-12 13:44:20 IST","19647426521","IB","Engine",0,"MET"
"2026-03-12 13:44:20 IST","19647420791","IB","Engine",0,"MET"
"2026-03-12 13:44:20 IST","19647348761","IB","Engine",0,"MET"
"2026-03-12 13:44:20 IST","19646752111","IB","Engine",0,"MET"
"2026-03-12 13:44:20 IST","19647310181","IB","Engine",0,"MET"
"2026-03-12 13:44:20 IST","19647245571","IB","Engine",0,"MET"
"2026-03-12 13:44:20 IST","19647576271","IB","Engine",0,"MET"
"2026-03-12 13:44:20 IST","19647415761","IB","Engine",0,"MET"
"2026-03-12 13:44:20 IST","19647382331","IB","Engine",0,"MET"
"2026-03-12 13:44:20 IST","19647068771","IB","Engine",0,"MET"
"2026-03-12 13:44:20 IST","19646790341","OB","Engine",1,"MET"
"2026-03-12 13:44:20 IST","19647345831","IB","Engine",1,"MET"
"2026-03-12 13:44:20 IST","19647576231","IB","Engine",1,"MET"
"2026-03-12 13:44:20 IST","19647438311","IB","Engine",1,"MET"
"2026-03-12 13:44:20 IST","19647154221","PRILO","Engine",1,"MET"
"2026-03-12 13:44:20 IST","19647398881","IB","Engine",1,"MET"
"2026-03-12 13:44:20 IST","19647546951","IB","Engine",1,"MET"
"2026-03-12 13:44:20 IST","19647014651","IB","Engine",1,"MET"
"2026-03-12 13:44:20 IST","19647641861","IB","Engine",1,"MET"
"2026-03-12 13:44:20 IST","19646786761","IB","Engine",1,"MET"
"2026-03-12 13:44:20 IST","19646806821","IB","Engine",2,"MET"
"2026-03-12 13:44:20 IST","19646937851","IB","Engine",2,"MET"
"2026-03-12 13:46:20 IST","19646820271","IB","Engine",0,"MET"
"2026-03-12 13:46:20 IST","19646810801","IB","Engine",0,"MET"
"2026-03-12 13:46:20 IST","19646902791","IB","Engine",0,"MET"
"2026-03-12 13:46:20 IST","19647110951","OB","Engine",0,"MET"
"2026-03-12 13:46:20 IST","19647458981","IB","Engine",0,"MET"
"2026-03-12 13:46:20 IST","19647022141","IB","Engine",0,"MET"
"2026-03-12 13:46:20 IST","19646808011","IB","Engine",0,"MET"
"2026-03-12 13:46:20 IST","19647110921","IB","Engine",0,"MET"
"2026-03-12 13:46:20 IST","19647673711","IB","Engine",0,"MET"
"2026-03-12 13:46:20 IST","19647601861","IB","Engine",0,"MET"
"2026-03-12 13:46:20 IST","19646807991","IB","Engine",0,"MET"
"2026-03-12 13:46:20 IST","19647364631","IB","Engine",0,"MET"
"2026-03-12 13:46:20 IST","19646924201","IB","Engine",0,"MET"
"2026-03-12 13:46:20 IST","19647507811","IB","Engine",0,"MET"
"2026-03-12 13:46:20 IST","19647468421","IB","Engine",1,"MET"
"2026-03-12 13:46:20 IST","19647507801","IB","Engine",1,"MET"
"2026-03-12 13:46:20 IST","19647434111","IB","Engine",1,"MET"
"2026-03-12 13:46:20 IST","19647562191","IB","Engine",1,"MET"
"2026-03-12 13:46:20 IST","19647474721","IB","Engine",1,"MET"
"2026-03-12 13:46:20 IST","19647645371","IB","Engine",1,"MET"
"2026-03-12 13:46:20 IST","19647515781","IB","Engine",1,"MET"
"2026-03-12 13:46:20 IST","19647576321","IB","Engine",1,"MET"
"2026-03-12 13:46:20 IST","19647440131","IB","Engine",1,"MET"
"2026-03-12 13:46:20 IST","19647019001","IB","Engine",1,"MET"
"2026-03-12 13:46:20 IST","19647300931","IB","Engine",1,"MET"
"2026-03-12 13:46:20 IST","19647515761","IB","Engine",1,"MET"
"2026-03-12 13:46:20 IST","19647557271","IB","Engine",1,"MET"
"2026-03-12 13:46:20 IST","19647474681","OB","Engine",1,"MET"
"2026-03-12 13:46:20 IST","19647402061","IB","Engine",1,"MET"
"2026-03-12 13:46:20 IST","19646933041","IB","Engine",2,"MET"
"2026-03-12 13:48:20 IST","19647369101","IB","Engine",0,"MET"
"2026-03-12 13:48:20 IST","19647181661","IB","Engine",0,"MET"
"2026-03-12 13:48:20 IST","19647450641","IB","Engine",0,"MET"
"2026-03-12 13:48:20 IST","19647341031","IB","Engine",0,"MET"
"2026-03-12 13:48:20 IST","19647468961","IB","Engine",0,"MET"
"2026-03-12 13:48:20 IST","19646999231","IB","Engine",0,"MET"
"2026-03-12 13:48:20 IST","19646955211","IB","Engine",0,"MET"
"2026-03-12 13:48:20 IST","19646878651","IB","Engine",0,"MET"
"2026-03-12 13:48:20 IST","19646853071","IB","Engine",0,"MET"
"2026-03-12 13:48:20 IST","19646763721","IB","Engine",1,"MET"
"2026-03-12 13:48:20 IST","19647437291","IB","Engine",1,"MET"
"2026-03-12 13:48:20 IST","19646849751","IB","Engine",1,"MET"
"2026-03-12 13:48:20 IST","19646811101","IB","Engine",1,"MET"
"2026-03-12 13:48:20 IST","19646819071","IB","Engine",1,"MET"
"2026-03-12 13:48:20 IST","19647400181","IB","Engine",1,"MET"
"2026-03-12 13:48:20 IST","19646868841","IB","Engine",1,"MET"
"2026-03-12 13:48:20 IST","19647439611","IB","Engine",1,"MET"
"2026-03-12 13:48:20 IST","19647092231","IB","Engine",1,"MET"
"2026-03-12 13:48:20 IST","19647379731","IB","Engine",1,"MET"
"2026-03-12 13:48:20 IST","19647437281","IB","Engine",1,"MET"
"2026-03-12 13:48:20 IST","19647487141","IB","Engine",2,"MET"
"2026-03-12 13:50:54 IST","19647405861","IB","Engine",0,"MET"
"2026-03-12 13:50:54 IST","19647447471","IB","Engine",0,"MET"
"2026-03-12 13:50:54 IST","19646812721","IB","Engine",0,"MET"
"2026-03-12 13:50:54 IST","19647307121","IB","Engine",0,"MET"
"2026-03-12 13:50:54 IST","19647024761","IB","Engine",0,"MET"
"2026-03-12 13:50:54 IST","19646825331","IB","Engine",0,"MET"
"2026-03-12 13:50:54 IST","19647420671","IB","Engine",0,"MET"
"2026-03-12 13:50:54 IST","19646827291","IB","Engine",0,"MET"
"2026-03-12 13:50:54 IST","19647580531","IB","Engine",0,"MET"
"2026-03-12 13:50:54 IST","19647488851","IB","Engine",1,"MET"
"2026-03-12 13:50:54 IST","19647618271","IB","Engine",1,"MET"
"2026-03-12 13:50:54 IST","19647547771","OB","Engine",1,"MET"
"2026-03-12 13:50:54 IST","19647447451","IB","Engine",1,"MET"
"2026-03-12 13:50:54 IST","19647463151","IB","Engine",1,"MET"
"2026-03-12 13:50:54 IST","19647403361","IB","Engine",1,"MET"
"2026-03-12 13:50:54 IST","19647037381","PRILO","Engine",1,"MET"
"2026-03-12 13:50:54 IST","19646961431","IB","Engine",1,"MET"
"2026-03-12 13:50:54 IST","19646983131","IB","Engine",1,"MET"
"2026-03-12 13:50:54 IST","19647443261","IB","Engine",1,"MET"
"2026-03-12 13:50:54 IST","19647374631","IB","Engine",1,"MET"
"2026-03-12 13:50:54 IST","19647665541","IB","Engine",1,"MET"
"2026-03-12 13:50:54 IST","19647391431","IB","Engine",1,"MET"
"2026-03-12 13:50:54 IST","19646803301","IB","Engine",1,"MET"
"2026-03-12 13:50:54 IST","19646932221","IB","Engine",1,"MET"
"2026-03-12 13:50:54 IST","19647443371","IB","Engine",1,"MET"
"2026-03-12 13:50:54 IST","19647008211","IB","Engine",1,"MET"
"2026-03-12 13:50:54 IST","19647455941","IB","Engine",1,"MET"
"2026-03-12 13:50:54 IST","19646961231","IB","Engine",1,"MET"
"2026-03-12 13:50:54 IST","19646984931","IB","Engine",1,"MET"
"2026-03-12 13:50:54 IST","19647615091","PRILO","Engine",2,"MET"
"2026-03-12 13:50:54 IST","19647534541","IB","Engine",2,"MET"
"2026-03-12 13:50:54 IST","19647534531","PRILO","Engine",2,"MET"
"2026-03-12 13:50:54 IST","19647520931","IB","Engine",2,"MET"
"2026-03-12 13:50:54 IST","19647044151","IB","Engine",2,"MET"
"2026-03-12 13:50:54 IST","19647403351","IB","Engine",2,"MET"
"2026-03-12 13:50:54 IST","19647586501","IB","Engine",2,"MET"
